peptide,score
QVQLQESGP,0.0024262758
VQLQESGPG,0.009973584
QLQESGPGL,0.18546908
LQESGPGLV,0.48319882
QESGPGLVR,0.35865968
