Allele,peptide,score
A0101,ALDKLSSQHLY,0.1320255
A0201,NLRPILTIITL,0.8698249
A2301,FYCDVHLVL,4.2067185e-09
A2402,VVGACGVGK,0.0021468052
C0704,SRVARVCKNYV,0.041132048
