Allele,peptide,score
A0101,ALDKLSSQHLY,0.7816102
A0201,NLRPILTIITL,0.4798125
A2301,FYCDVHLVL,0.99999917
A2402,VVGACGVGK,0.0051903822
C0704,SRVARVCKNYV,0.58225083
